{
  "1": 0.18974,
  "2": 0.94964,
  "3": 0.24385,
  "4": 0.18963,
  "5": 0.35167,
  "6": 0.26484,
  "7": 0.40081,
  "8": 0.20402,
  "9": 0.35452,
  "10": 0.24913,
  "11": 0.67893,
  "12": 0.37658,
  "13": 0.5322,
  "14": 0.31966,
  "15": 0.01426,
  "16": 0.15318,
  "17": 1.0,
  "18": 0.91667,
  "19": 0.49838,
  "20": 0.74603,
  "21": 0.96117,
  "22": 0.26506,
  "23": 0.44444,
  "24": 0.17391,
  "25": 0.45946,
  "26": 0.39752,
  "27": 0.05333,
  "28": 0.02885,
  "29": 0.09607,
  "30": 0.02899,
  "31": 1.0,
  "32": 0.96552,
  "33": 0.05952,
  "34": 0.27473,
  "35": 0.57205,
  "36": 0.78022,
  "37": 0.42857,
  "38": 0.01613,
  "39": 0.12695,
  "40": 0.21053,
  "41": 0.34239,
  "42": 0.02137,
  "43": 0.11055,
  "44": 0.08291,
  "45": 0.19369,
  "46": 0.0,
  "47": 0.0,
  "48": 0.0,
  "49": 0.66667,
  "50": 0.0,
  "51": 0.9,
  "52": 0.28477,
  "53": 1.0,
  "54": 0.0,
  "55": 0.0,
  "56": 0.0,
  "57": 0.0,
  "58": 0.0,
  "59": 0.0,
  "60": 1.0,
  "61": 0.0,
  "62": 0.0,
  "total": 0.35438
}