{
  "1": 0.0,
  "2": 0.0,
  "3": 0.0,
  "4": 0.02917,
  "5": 0.0,
  "6": 0.0,
  "7": 0.0,
  "8": 0.12356,
  "9": 0.0,
  "10": 0.01211,
  "11": 0.0,
  "12": 0.0,
  "13": 0.0,
  "14": 0.0,
  "15": 0.0,
  "16": 0.00867,
  "17": 0.00917,
  "18": 0.0,
  "19": 0.00324,
  "20": 0.04497,
  "21": 0.0,
  "22": 0.0,
  "23": 0.0,
  "24": 0.0,
  "25": 0.0,
  "26": 0.01242,
  "27": 0.0,
  "28": 0.0,
  "29": 0.0,
  "30": 0.17391,
  "31": 0.0,
  "32": 0.0,
  "33": 0.04762,
  "34": 0.02198,
  "35": 0.0,
  "36": 0.07692,
  "37": 0.0,
  "38": 0.0,
  "39": 0.0,
  "40": 0.0,
  "41": 0.0,
  "42": 0.0,
  "43": 0.09548,
  "44": 0.02369,
  "45": 0.05405,
  "46": 0.0,
  "47": 0.0,
  "48": 0.0,
  "49": 0.0,
  "50": 0.0,
  "51": 0.0,
  "52": 0.0,
  "53": 0.0,
  "54": 0.0,
  "55": 1.0,
  "56": 0.0,
  "57": 0.0,
  "58": 0.0,
  "59": 0.0,
  "60": 0.0,
  "61": 0.25714,
  "62": 0.0,
  "total": 0.01454
}